{
  "device": "cpu",
  "data": {
    "total_samples": 1797,
    "train_samples": 1257,
    "val_samples": 270,
    "test_samples": 270,
    "n_classes": 10
  },
  "metrics": [
    {
      "model": "LeNetLikeCNN",
      "accuracy": 0.8888888888888888,
      "balanced_accuracy": 0.8874542124542124,
      "macro_f1": 0.8848429441727903,
      "test_loss": 0.31269806027412417,
      "best_val_accuracy": 0.8814814814814815
    },
    {
      "model": "ImprovedLeNetCNN",
      "accuracy": 0.9740740740740741,
      "balanced_accuracy": 0.9735042735042734,
      "macro_f1": 0.9734698634698635,
      "test_loss": 0.05323784602805972,
      "best_val_accuracy": 0.9740740740740741
    },
    {
      "model": "AlexNetSmallCNN",
      "accuracy": 0.9777777777777777,
      "balanced_accuracy": 0.9772079772079773,
      "macro_f1": 0.9773601664005047,
      "test_loss": 0.057555445842444895,
      "best_val_accuracy": 0.9888888888888889
    },
    {
      "model": "Hybrid_AlexNetFeatures_SVM",
      "accuracy": 0.9888888888888889,
      "balanced_accuracy": 0.9886039886039886,
      "macro_f1": 0.9887235971575595,
      "test_loss": NaN,
      "best_val_accuracy": NaN
    }
  ],
  "hybrid": {
    "train_features_shape": [
      1527,
      512
    ],
    "test_features_shape": [
      270,
      512
    ],
    "train_labels_shape": [
      1527
    ],
    "test_labels_shape": [
      270
    ],
    "classification_report": {
      "0": {
        "precision": 1.0,
        "recall": 1.0,
        "f1-score": 1.0,
        "support": 27.0
      },
      "1": {
        "precision": 0.9310344827586207,
        "recall": 1.0,
        "f1-score": 0.9642857142857143,
        "support": 27.0
      },
      "2": {
        "precision": 1.0,
        "recall": 1.0,
        "f1-score": 1.0,
        "support": 27.0
      },
      "3": {
        "precision": 1.0,
        "recall": 1.0,
        "f1-score": 1.0,
        "support": 28.0
      },
      "4": {
        "precision": 1.0,
        "recall": 0.9629629629629629,
        "f1-score": 0.9811320754716981,
        "support": 27.0
      },
      "5": {
        "precision": 1.0,
        "recall": 1.0,
        "f1-score": 1.0,
        "support": 27.0
      },
      "6": {
        "precision": 0.9642857142857143,
        "recall": 1.0,
        "f1-score": 0.9818181818181818,
        "support": 27.0
      },
      "7": {
        "precision": 1.0,
        "recall": 1.0,
        "f1-score": 1.0,
        "support": 27.0
      },
      "8": {
        "precision": 1.0,
        "recall": 0.9230769230769231,
        "f1-score": 0.96,
        "support": 26.0
      },
      "9": {
        "precision": 1.0,
        "recall": 1.0,
        "f1-score": 1.0,
        "support": 27.0
      },
      "accuracy": 0.9888888888888889,
      "macro avg": {
        "precision": 0.9895320197044335,
        "recall": 0.9886039886039886,
        "f1-score": 0.9887235971575595,
        "support": 270.0
      },
      "weighted avg": {
        "precision": 0.9895320197044334,
        "recall": 0.9888888888888889,
        "f1-score": 0.9888717453057077,
        "support": 270.0
      }
    }
  }
}